{
    "cycles_program_begin": 2066649675152642,
    "cpu_cycles_pass2_start": 2066650519673836,
    "perf": [
        {
            "stat": [
                "main",
                "entry",
                0.013317108154296875,
                0.025270999999999998,
                0.016847000000000001,
                200728,
                200728,
                0.0,
                0.0,
                1695553448.563967,
                2066649675362174
            ],
            "sub": [
                {
                    "stat": [
                        "doParsingAndDesignResolution",
                        "entry",
                        0.14280104637145996,
                        0.036970000000000003,
                        0.028754999999999999,
                        209744,
                        210544,
                        0.0,
                        0.0,
                        1695553448.6934509,
                        2066650166319076
                    ],
                    "sub": []
                },
                {
                    "stat": [
                        "doParsingAndDesignResolution",
                        "exit",
                        0.15194821357727051,
                        0.046079000000000002,
                        0.028792999999999999,
                        210880,
                        211528,
                        0.0,
                        0.0,
                        1695553448.7025981,
                        2066650201004802
                    ],
                    "sub": []
                },
                {
                    "stat": [
                        "doPostDesignResolutionToVir2Vcs",
                        "entry",
                        0.15233707427978516,
                        0.046468000000000002,
                        0.028792999999999999,
                        211024,
                        211528,
                        0.0,
                        0.0,
                        1695553448.702987,
                        2066650202466262
                    ],
                    "sub": [
                        {
                            "stat": [
                                "doUptoVir2VcsNoSepCleanup",
                                "entry",
                                0.15929007530212402,
                                0.053421999999999997,
                                0.028792999999999999,
                                212152,
                                212152,
                                0.0,
                                0.0,
                                1695553448.70994,
                                2066650228837520
                            ],
                            "sub": []
                        },
                        {
                            "stat": [
                                "doUptoVir2VcsNoSepCleanup",
                                "exit",
                                0.20060420036315918,
                                0.088673000000000002,
                                0.032244000000000002,
                                214668,
                                227804,
                                0.0,
                                0.0,
                                1695553448.7512541,
                                2066650385533128
                            ],
                            "sub": []
                        },
                        {
                            "stat": [
                                "doRadify_vir2vcsAll",
                                "entry",
                                0.20064020156860352,
                                0.088700000000000001,
                                0.032253999999999998,
                                214668,
                                227804,
                                0.0,
                                0.0,
                                1695553448.7512901,
                                2066650385610532
                            ],
                            "sub": []
                        },
                        {
                            "stat": [
                                "doRadify_vir2vcsAll",
                                "exit",
                                0.20376014709472656,
                                0.091819999999999999,
                                0.032253999999999998,
                                215324,
                                227804,
                                0.0,
                                0.0,
                                1695553448.75441,
                                2066650397477648
                            ],
                            "sub": []
                        }
                    ]
                },
                {
                    "stat": [
                        "doPostDesignResolutionToVir2Vcs",
                        "exit",
                        0.20377922058105469,
                        0.091840000000000005,
                        0.032253999999999998,
                        215324,
                        227804,
                        0.0,
                        0.0,
                        1695553448.7544291,
                        2066650397514040
                    ],
                    "sub": []
                },
                {
                    "stat": [
                        "doGAToPass2",
                        "entry",
                        0.20378923416137695,
                        0.091849,
                        0.032253999999999998,
                        215324,
                        227804,
                        0.0,
                        0.0,
                        1695553448.7544391,
                        2066650397542428
                    ],
                    "sub": [
                        {
                            "stat": [
                                "DoPass2",
                                "entry",
                                0.2359771728515625,
                                0.092606999999999995,
                                0.032253999999999998,
                                213900,
                                227804,
                                0.005156,
                                0.0091380000000000003,
                                1695553448.7866271,
                                2066650519661504
                            ],
                            "sub": []
                        },
                        {
                            "stat": [
                                "DoPass2",
                                "exit",
                                0.2627410888671875,
                                0.11361400000000001,
                                0.036518000000000002,
                                218800,
                                227804,
                                0.0066499999999999997,
                                0.0091380000000000003,
                                1695553448.813391,
                                2066650621122940
                            ],
                            "sub": []
                        }
                    ]
                },
                {
                    "stat": [
                        "doGAToPass2",
                        "exit",
                        0.26478123664855957,
                        0.11564000000000001,
                        0.036518000000000002,
                        220728,
                        227804,
                        0.0066499999999999997,
                        0.0091380000000000003,
                        1695553448.8154311,
                        2066650628866124
                    ],