{
    "Modules": {
        "...MASTER...": {
            "end_perf": [
                0.3849189281463623,
                0.15991900000000001,
                0.012733,
                216388,
                227812,
                2067795060033984,
                0,
                0
            ],
            "start_perf": [
                0.38202285766601562,
                0.15848999999999999,
                0.012733,
                214004,
                227812,
                1695553750.617358,
                2067795049037060
            ],
            "nMops": 0,
            "child_modules": {
                "std": 1,
                "tb_dw_fp_mac": 1
            },
            "nRouts": 5,
            "nQuads": 0
        },
        "std": {
            "Compiled": "Yes",
            "end_perf": [
                0.38959598541259766,
                0.16083,
                0.016494999999999999,
                220112,
                227812,
                2067795077766292,
                8589934594,
                0
            ],
            "start_perf": [
                0.38495779037475586,
                0.15995799999999999,
                0.012733,
                216388,
                227812,
                1695553750.6202929,
                2067795060159778
            ],
            "nMops": 943,
            "child_modules": {},
            "Compiled Times": 14,
            "svclass": [
                "$vcs_nba_dyn_obj",
                385,
                37,
                2,
                2,
                0,
                "sigprop$$",
                385,
                37,
                2,
                2,
                0,
                "process",
                1645,
                184,
                8,
                8,
                0,
                "event",
                462,
                36,
                2,
                2,
                0,
                "mailbox",
                922,
                107,
                9,
                9,
                0,
                "semaphore",
                682,
                70,
                5,
                5,
                0
            ],
            "nQuads": 436,
            "nRouts": 33
        },
        "tb_dw_fp_mac": {
            "Compiled": "Yes",
            "end_perf": [
                0.42361998558044434,
                0.19437399999999999,
                0.016497000000000001,
                223888,
                227812,
                2067795206801638,
                17179869185,
                0
            ],
            "start_perf": [
                0.38961982727050781,
                0.160853,
                0.016497000000000001,
                220112,
                227812,
                1695553750.6249549,
                2067795077840790
            ],
            "nMops": 10660,
            "child_modules": {
                "DW_ifp_mult": 2,
                "DW_fp_ifp_conv": 4
            },
            "Compiled Times": 1,
            "significant_routs": [
                [
                    82,
                    "R_VCSgd_Zvgr6_52",
                    14238332,
                    8536,
                    2001
                ],
                [
                    111,
                    "R_VCSgd_Zvgr6_6f",
                    12262770,
                    7090,
                    1616
                ],
                [
                    163,
                    "R_VCSgd_Zvgr6_a3",
                    12543490,
                    6629,
                    1638
                ]
            ],
            "nQuads": 2973,
            "nRouts": 209
        },
        "DW_fp_ifp_conv": {
            "end_perf": [
                0.42800188064575195,
                0.19875699999999999,
                0.016497000000000001,
                223888,
                227812,
                2067795223399454,
                30064771073,
                0
            ],
            "Compiled": "Yes",
            "start_perf": [
                0.4236447811126709,
                0.19439999999999999,
                0.016497000000000001,
                223888,
                227812,
                1695553750.6589799,
                2067795206867168
            ],
            "nMops": 2119,
            "child_modules": {},
            "Compiled Times": 14,
            "nRouts": 29,
            "nQuads": 532
        },
        "DW_ifp_mult": {
            "end_perf": [
                0.43485593795776367,
                0.20561099999999999,
                0.016497000000000001,
                223888,
                227812,
                2067795249388546,
                42949672961,
                0
            ],
            "Compiled": "Yes",
            "start_perf": [
                0.42802000045776367,
                0.19877500000000001,
                0.016497000000000001,
                223888,
                227812,
                1695553750.6633551,
                2067795223446910
            ],
            "nMops": 3927,
            "child_modules": {},
            "Compiled Times": 14,
            "nRouts": 47,
            "nQuads": 1058
        }
    },
    "CompUnits": {
        "amcQw_d": {
            "mod": "...MASTER...",
            "out": "objs/amcQw_d.o",
            "checksum": 0,
            "text": 434,
            "bytes": 7660,
            "mode": 4
        },
        "reYIK_d": {
            "mod": "std",
            "out": "reYIK_d.o",
            "archive": "archive.13/_2233959_archive_1.a",
            "checksum": 0,
            "text": 4774,
            "bytes": 35258,
            "cls": 4481,
            "mode": 4
        },
        "uxTA9_d": {
            "mod": "DW_ifp_mult",
            "out": "uxTA9_d.o",
            "archive": "archive.13/_2233959_archive_1.a",
            "checksum": 0,
            "text": 10504,
            "bytes": 22988,
            "mode": 4
        },
        "Zvgr6_d": {
            "mod": "tb_dw_fp_mac",
            "out": "Zvgr6_d.o",
            "archive": "archive.13/_2233959_archive_1.a",
            "checksum": 0,
            "text": 56772,
            "bytes": 96676,
            "mode": 4
        },
        "JD7DA_d": {
            "mod": "DW_fp_ifp_conv",
            "out": "JD7DA_d.o",
            "archive": "archive.13/_2233959_archive_1.a",
            "checksum": 0,
            "text": 6004,
            "bytes": 16320,
            "mode": 4
        }
    },
    "reusePaths": {},
    "ObjArchives": [
        {
            "size": 289118,
            "archive": "archive.13/_2233959_archive_1.a",
            "objects": [
                [
                    "reYIK_d.o",
                    35258
                ],
                [
                    "Zvgr6_d.o",
                    96676
                ],
                [
                    "JD7DA_d.o",
                    16320
                ],
                [
                    "uxTA9_d.o",
                    22988
                ],
                [
                    "amcQwB.o",
                    117876
                ]
            ]
        }
    ],
    "stat": {
        "ru_self_end": {
            "ru_utime_sec": 0.20800399999999999,
            "ru_nivcsw": 30,
            "ru_stime_sec": 0.016497000000000001,
            "ru_maxrss_kb": 121148,
            "ru_minflt": 11659,
            "ru_majflt": 11,
            "ru_nvcsw": 35
        },
        "ru_childs_end": {
            "ru_utime_sec": 0.014500000000000001,
            "ru_nivcsw": 0,
            "ru_stime_sec": 0.001446,
            "ru_maxrss_kb": 109792,
            "ru_minflt": 3820,
            "ru_majflt": 0,
            "ru_nvcsw": 19
        },
        "cpu_cycles_end": 2067795258423920,
        "peak_mem_kb": 227812
    }
}