{
    "ObjArchives": [
        {
            "archive": "archive.13/_1622304_archive_1.a",
            "objects": [
                [
                    "iAVhC_d.o",
                    27120
                ],
                [
                    "amcQwB.o",
                    111788
                ]
            ],
            "size": 138908
        }
    ],
    "CompUnits": {
        "amcQw_d": {
            "mod": "...MASTER...",
            "bytes": 7470,
            "out": "objs/amcQw_d.o",
            "text": 402,
            "mode": 4,
            "checksum": 0
        },
        "iAVhC_d": {
            "mod": "testbench",
            "bytes": 27120,
            "out": "iAVhC_d.o",
            "text": 11650,
            "mode": 4,
            "checksum": 0,
            "archive": "archive.13/_1622304_archive_1.a"
        }
    },
    "Modules": {
        "...MASTER...": {
            "nQuads": 0,
            "start_perf": [
                0.25478196144104004,
                0.087316000000000005,
                0.041578999999999998,
                215236,
                225232,
                1683019101.4195731,
                1301111261874614
            ],
            "nMops": 0,
            "child_modules": {
                "testbench": 1
            },
            "end_perf": [
                0.25801491737365723,
                0.088482000000000005,
                0.042133999999999998,
                218112,
                225232,
                1301111274153468,
                0,
                0
            ],
            "nRouts": 5
        },
        "testbench": {
            "nQuads": 747,
            "start_perf": [
                0.25805282592773438,
                0.088508000000000003,
                0.042146999999999997,
                218112,
                225232,
                1683019101.4228439,
                1301111274280038
            ],
            "nMops": 1642,
            "child_modules": {},
            "Compiled": "Yes",
            "Compiled Times": 14,
            "end_perf": [
                0.26810598373413086,
                0.098537,
                0.042146999999999997,
                223596,
                225232,
                1301111312423996,
                17179869185,
                0
            ],
            "nRouts": 103
        }
    },
    "reusePaths": {},
    "stat": {
        "ru_self_end": {
            "ru_utime_sec": 0.10130400000000001,
            "ru_minflt": 11301,
            "ru_stime_sec": 0.042209999999999998,
            "ru_maxrss_kb": 117284,
            "ru_majflt": 0,
            "ru_nivcsw": 8,
            "ru_nvcsw": 28
        },
        "cpu_cycles_end": 1301111323107374,
        "ru_childs_end": {
            "ru_utime_sec": 0.012401000000000001,
            "ru_minflt": 3818,
            "ru_stime_sec": 0.0031359999999999999,
            "ru_maxrss_kb": 107444,
            "ru_majflt": 0,
            "ru_nivcsw": 1,
            "ru_nvcsw": 20
        },
        "peak_mem_kb": 225260
    }
}